                  epoch,         train/box_loss,         train/cls_loss,         train/dfl_loss,   metrics/precision(B),      metrics/recall(B),       metrics/mAP50(B),    metrics/mAP50-95(B),           val/box_loss,           val/cls_loss,           val/dfl_loss,                 lr/pg0,                 lr/pg1,                 lr/pg2
                      1,                 1.8114,                 1.8434,                 1.0495,                0.21522,                0.19514,                0.14675,                0.06086,                   2.14,                 1.5744,                 1.0737,               0.067041,             0.00033292,             0.00033292
                      2,                 1.6914,                 1.4697,                 1.0166,                0.31964,                0.25477,                0.22201,                  0.118,                 1.6587,                 1.2999,                0.97667,                0.03404,              0.0006656,              0.0006656
                      3,                 1.6469,                 1.3846,                 1.0045,                0.41577,                0.25907,                0.23667,                0.12791,                 1.6111,                  1.204,                0.96366,              0.0010369,             0.00099569,             0.00099569
                      4,                 1.6179,                 1.3302,                0.99681,                0.34679,                0.27599,                 0.2538,                0.14174,                 1.5103,                 1.1611,                0.95103,             0.00099123,             0.00099123,             0.00099123
